{"cameraMode":{"drawMode":0,"name":"Shaded","section":"Shading Mode"},"sceneLighting":true,"audioPlay":false,"sceneViewState":{"m_AlwaysRefresh":false,"showFog":true,"showSkybox":true,"showFlares":true,"showImageEffects":true,"showParticleSystems":true,"showVisualEffectGraphs":true,"m_FxEnabled":true},"in2DMode":false,"pivot":{"x":4.412498474121094,"y":-0.33046260476112368,"z":7.348968029022217},"rotation":{"x":-0.12312498688697815,"y":-0.40485063195228579,"z":0.05511757731437683,"w":-0.9043823480606079},"size":11.724998474121094,"orthographic":false}